Period,Total Transactions,Number of Months,Avg Monthly Volume,Total Fraud Cases,Fraud Rate (%),Avg Transaction Amount,Median Transaction Amount
Normal,36690,36,1019.1666666666666,552,1.5044971381847916,153.93871763423275,53.84
High Unemployment,12867,9,1429.6666666666667,194,1.507732960286003,156.98037304733037,54.76
